n_cells,reduced_dim,graph
190000,21117.533,261.6349999999984
142500,12102.023000000001,146.64800000000105
95000,5132.4100000000035,76.08299999999872
47500,1373.6719999999987,26.380000000004657
